[
    {
        "label": "",
        "rows": [
            [
                {
                    "name": "name"
                },
                {
                    "name": "status"
                }
            ],
            [
                {
                    "name": "flowchart"
                },
                {
                    "name": "endedAt"
                }
            ],
            [
                {
                    "name": "target"
                },
                {
                    "name": "targetType"
                }
            ],
            [
                {
                    "name": "startElementId"
                },
                false
            ],
            [
                {
                    "name": "description",
                    "fullWidth": true
                }
            ]
        ]
    },
    {
        "label": "",
        "rows": [
            [
                {
                    "name": "flowchartVisualization",
                    "fullWidth": true,
                    "customLabel": "",
                    "noLabel": true
                }
            ]
        ]
    }
]