{
    "customization": {
        "items": [
            "__APPEND__",
            {
                "url":"#Workflow",
                "label":"Workflow Manager",
                "iconClass": "fas fa-code-branch",
                "description":"workflowManager"
            },
            {
                "url":"#ReportFilter",
                "label": "Report Filters",
                "iconClass": "fas fa-filter",
                "description": "reportFilters"
            },
            {
                "url":"#ReportPanel",
                "label": "Report Panels",
                "iconClass": "fas fa-chart-area",
                "description": "reportPanels"
            }
        ]
    },
    "bpmn": {
        "label": "Business Process Management",
        "items": [
            {
                "url":"#BpmnFlowchart",
                "label":"Flowcharts",
                "iconClass": "fas fa-project-diagram",
                "description":"bpmnFlowcharts"
            },
            {
                "url":"#BpmnProcess",
                "label":"Processes",
                "iconClass": "fas fa-cogs",
                "description":"bpmnProcesses"
            }
        ],
        "order": 100
    }
}
