{
    "functionClassNameMap": {
        "processEntity\\attribute": "\\Espo\\Modules\\Advanced\\Core\\Workflow\\Formula\\Functions\\ProcessEntityGroup\\AttributeType",
        "targetEntity\\attribute": "\\Espo\\Modules\\Advanced\\Core\\Workflow\\Formula\\Functions\\TargetEntityGroup\\AttributeType",
        "targetEntity\\attributeFetched": "\\Espo\\Modules\\Advanced\\Core\\Workflow\\Formula\\Functions\\TargetEntityGroup\\AttributeFetchedType",
        "targetEntity\\isAttributeChanged": "\\Espo\\Modules\\Advanced\\Core\\Workflow\\Formula\\Functions\\TargetEntityGroup\\IsAttributeChangedType",
        "targetEntity\\isAttributeNotChanged": "\\Espo\\Modules\\Advanced\\Core\\Workflow\\Formula\\Functions\\TargetEntityGroup\\IsAttributeNotChangedType",
        "targetEntity\\isNew": "\\Espo\\Modules\\Advanced\\Core\\Workflow\\Formula\\Functions\\TargetEntityGroup\\IsNewType",
        "targetEntity\\isRelated": "\\Espo\\Modules\\Advanced\\Core\\Workflow\\Formula\\Functions\\TargetEntityGroup\\IsRelatedType",
        "targetEntity\\hasLinkMultipleId": "\\Espo\\Modules\\Advanced\\Core\\Workflow\\Formula\\Functions\\TargetEntityGroup\\HasLinkMultipleIdType"
    }
}