[
    {
        "label": "",
        "rows": [
            [
                {
                    "name": "name"
                },
                {
                    "name": "isActive"
                }
            ],
            [
                {
                    "name": "entityType"
                },
                {
                    "name": "report"
                }
            ],
            [
                {
                    "name": "teams"
                },
                {
                    "name": "order"
                }
            ],
            [
                {
                    "name": "description",
                    "fullWidth": true
                }
            ]
        ]
    }
]