{
    "controller": "controllers/record",
    "recordViews": {
        "detail":"advanced:views/workflow/record/detail",
        "edit":"advanced:views/workflow/record/edit",
        "list":"advanced:views/workflow/record/list"
    },
    "menu": {
        "list": {
            "dropdown": [
                {
                    "label": "Workflows Log",
                    "link": "#WorkflowLogRecord"
                }
            ]
        }
    },
    "dynamicLogic": {
        "fields": {
            "type": {
                "readOnly": {
                    "conditionGroup": [
                        {
                           "type": "isNotEmpty",
                           "attribute": "id"
                        }
                    ]
                }
            }
        }
    }
}
