{
    "fields": {
        "name": {
            "type": "varchar",
            "required": true,
            "trim": true
        },
        "order": {
            "type": "int",
            "minValue": 1,
            "required": true
        },
        "description": {
            "type": "text"
        },
        "createdAt": {
            "type": "datetime",
            "readOnly": true
        },
        "modifiedAt": {
            "type": "datetime",
            "readOnly": true
        },
        "createdBy": {
            "type": "link",
            "readOnly": true
        },
        "modifiedBy": {
            "type": "link",
            "readOnly": true
        },
        "teams": {
            "type": "linkMultiple"
        },
        "parent": {
            "type": "link"
        },
        "childList": {
            "type": "jsonArray",
            "notStorable": true
        }
    },
    "links": {
        "createdBy": {
            "type": "belongsTo",
            "entity": "User"
        },
        "modifiedBy": {
            "type": "belongsTo",
            "entity": "User"
        },
        "teams": {
            "type": "hasMany",
            "entity": "Team",
            "relationName": "entityTeam",
            "layoutRelationshipsDisabled": true
        },
        "parent": {
            "type": "belongsTo",
            "foreign": "children",
            "entity": "ReportCategory"
        },
        "children": {
            "type": "hasMany",
            "foreign": "parent",
            "entity": "ReportCategory"
        },
        "reports": {
            "type": "hasMany",
            "foreign": "category",
            "entity": "Report"
        }
    },
    "collection": {
        "sortBy": "parent",
        "asc": true
    },
    "additionalTables": {
        "ReportCategoryPath": {
            "fields": {
                "id": {
                    "type": "id",
                    "dbType": "int",
                    "len": "11",
                    "autoincrement": true,
                    "unique" : true
                },
                "ascendorId": {
                    "type": "varchar",
                    "len": "100",
                    "index": true
                },
                "descendorId" : {
                    "type": "varchar",
                    "len": "24",
                    "index": true
                }
            }
        }
    }
}
