[
    {
        "label": "",
        "rows": [
            [
                {
                    "name": "name",
                    "fullWidth": true
                }
            ],
            [
                {
                    "name": "targetType",
                    "fullWidth": true
                }
            ],
            [
                {
                    "name": "isActive"
                },
                false
            ],
            [
                {
                    "name": "description",
                    "fullWidth": true
                }
            ]
        ]
    }
]