[
    {
        "label": "",
        "rows": [
            [
                {
                    "name": "name",
                    "fullWidth": true
                }
            ],
            [
                {
                    "name": "isActive"
                },
                {
                    "name": "type"
                }
            ],
            [
                {
                    "name": "entityType",
                    "fullWidth": true
                }
            ],
            [
                {
                    "name": "report",
                    "fullWidth": true
                }
            ],
            [
                {
                    "name": "displayTotal"
                },
                {
                    "name": "displayOnlyTotal"
                }
            ],
            [
                {
                    "name": "teams",
                    "fullWidth": true
                }
            ],
            [
                {
                    "name": "column",
                    "fullWidth": true
                }
            ],
            [
                {
                    "name": "description",
                    "fullWidth": true
                }
            ]
        ]
    }
]